TH171_E3.vcf,[]
TH116_E2.vcf,['L858R']
TH179_E1.vcf,[]
TH231_E1.vcf,[]
TH226_E3.vcf,"['E746_A750delELREA', 'E746_T751delELREAT']"
TH187_E3.vcf,[]
TH155_E5.vcf,['K754E']
TH172_E3.vcf,[]
TH169_E4.vcf,"['E746_A750delELREA', 'E746_T751delELREAT']"
TH220_E2.vcf,[]
TH067_E7.vcf,"['E746_T751delELREAT', 'E746_S752>D']"
TH169_E2.vcf,"['E746_A750delELREA', 'E746_T751delELREAT']"
TH208_E4.vcf,['L861Q']
TH210_E1.vcf,[]
TH205_E2.vcf,[]
TH067_E4.vcf,"['E746_T751delELREAT', 'E746_S752>D']"
TH238_E1.vcf,[]
TH208_E3.vcf,['L861Q']
